{
    "bucketCount": 24,
    "bucketsHash": "21b67a685032a2eb3c5ddc8004561d0083532d8af9155d85e3cde91ed24ac553",
    "poc": 140.0927288995452,
    "valHigh": 154.88839089373454,
    "valLow": 116.19204413970081
}
