{
    "bucketCount": 24,
    "bucketsHash": "f7406874ba42fbe37da43551d150c3f207c263ad14c2cb383c4e79c7be72c12d",
    "poc": 102.19302146197833,
    "valHigh": 107.09078962661468,
    "valLow": 98.44766933607997
}
