{
    "bucketCount": 24,
    "bucketsHash": "8617690fea8b330f6f8dd70c8f9fe1e707b4fb91ff01124a0e7aec05fbd7191c",
    "poc": 127.60548959757922,
    "valHigh": 131.22146621398753,
    "valLow": 108.07921586897426
}
