{
  "bucketCount": 24,
  "bucketsHash": "4e992288656d6c88e8793f2a16c012bc2a4f8b2409bec78da7caa4687fbb108a",
  "poc": 108.33373688840925,
  "valHigh": 110.7141755121576,
  "valLow": 103.83735282132906
}
