{
    "bucketCount": 24,
    "bucketsHash": "86a07b7a3dc3bce5a12ece6bc731d72b23690743af848e8184d7246e880e8c3a",
    "poc": 95.40625,
    "valHigh": 96.47,
    "valLow": 80.86833333333334
}
