{
    "bucketCount": 24,
    "bucketsHash": "d166bd548bb3fcda75258c8da2a27a16aaf35dd8e4087c53ef4a3f5e79d82cbf",
    "poc": 101.60341144868036,
    "valHigh": 102.21469907591572,
    "valLow": 99.76954856697428
}
