{
    "bucketCount": 24,
    "bucketsHash": "999a23cfad037315b6cebe80d1123c6bf380a77b6d4a0b130d8a4667f49931df",
    "poc": 132.88437499999998,
    "valHigh": 133.62291666666667,
    "valLow": 109.98958333333334
}
