{
  "bucketCount": 24,
  "bucketsHash": "f0509a52587741338f4e4c211784a468c946bddb8e0d62bf62ad446a4f03afed",
  "poc": 123.5161092864384,
  "valHigh": 126.73086048793725,
  "valLow": 119.5869689290509
}
