{
    "bucketCount": 24,
    "bucketsHash": "8b1298d19db10b94126871b313606f3cfbefa69ad94cabcae6af523ad3124b3d",
    "poc": 99.90085437008736,
    "valHigh": 101.0196952298116,
    "valLow": 95.64925910313525
}
